{
  "weibo_信阳_20251215153155": {
    "id": "weibo_信阳_20251215153155",
    "keyword": "信阳",
    "source": "weibo",
    "status": "completed",
    "page": 1,
    "max_pages": 10,
    "collected_count": 0,
    "error_count": 0,
    "created_at": "2025-12-15T15:31:55.172695",
    "updated_at": "2025-12-15T15:56:56.989965",
    "error_message": ""
  },
  "weibo_信阳_20251215153656": {
    "id": "weibo_信阳_20251215153656",
    "keyword": "信阳",
    "source": "weibo",
    "status": "pending",
    "page": 1,
    "max_pages": 10,
    "collected_count": 0,
    "error_count": 0,
    "created_at": "2025-12-15T15:36:56.667916",
    "updated_at": "2025-12-15T15:56:56.989965",
    "error_message": ""
  },
  "weibo_信阳_20251215153749": {
    "id": "weibo_信阳_20251215153749",
    "keyword": "信阳",
    "source": "weibo",
    "status": "completed",
    "page": 1,
    "max_pages": 10,
    "collected_count": 80,
    "error_count": 0,
    "created_at": "2025-12-15T15:37:49.988362",
    "updated_at": "2025-12-15T15:56:56.989965",
    "error_message": ""
  },
  "weibo_信阳_20251215154247": {
    "id": "weibo_信阳_20251215154247",
    "keyword": "信阳",
    "source": "weibo",
    "status": "completed",
    "page": 1,
    "max_pages": 10,
    "collected_count": 195,
    "error_count": 0,
    "created_at": "2025-12-15T15:42:47.577489",
    "updated_at": "2025-12-15T15:56:56.989965",
    "error_message": ""
  },
  "weibo_信阳_20251215154603": {
    "id": "weibo_信阳_20251215154603",
    "keyword": "信阳",
    "source": "weibo",
    "status": "completed",
    "page": 1,
    "max_pages": 10,
    "collected_count": 197,
    "error_count": 0,
    "created_at": "2025-12-15T15:46:03.714800",
    "updated_at": "2025-12-15T15:56:56.989965",
    "error_message": ""
  },
  "weibo_信阳_20251215155656": {
    "id": "weibo_信阳_20251215155656",
    "keyword": "信阳",
    "source": "weibo",
    "status": "completed",
    "page": 1,
    "max_pages": 10,
    "collected_count": 195,
    "error_count": 0,
    "created_at": "2025-12-15T15:56:56.991066",
    "updated_at": "2025-12-15T15:59:29.306334",
    "error_message": ""
  }
}